{
  "control_revenue": 691559.29,
  "treatment_revenue": 597089.2737571592,
  "treatment_cost": 105336.1162428407,
  "revenue_uplift_pct": -13.660436293588187,
  "roi": -189.68435481810502,
  "control_customers": 826,
  "treatment_customers": 851,
  "control_avg_revenue_per_customer": 837.2388498789346,
  "treatment_avg_revenue_per_customer": 701.6325191035949,
  "control_avg_orders_per_customer": 1.9043583535108959,
  "treatment_avg_orders_per_customer": 2.109283196239718,
  "order_frequency_uplift_pct": 10.760834080992176,
  "control_aov": 34.01489297442057,
  "treatment_aov": 33.09612441685378,
  "aov_change_pct": -2.7010773141567896,
  "t_stat_revenue": 1.4014288307410336,
  "p_value_revenue": 0.16127113294073941,
  "significant_revenue": false,
  "t_stat_orders": -1.7073508751529292,
  "p_value_orders": 0.08794217556343419,
  "significant_orders": false,
  "cohens_d_revenue": -0.06845146940922531,
  "cohens_d_orders": 0.08339394312271035,
  "control_revenue_ci_lower": 673.9756931459711,
  "control_revenue_ci_upper": 1000.5020066118981,
  "treatment_revenue_ci_lower": 602.1262831606076,
  "treatment_revenue_ci_upper": 801.1387550465821,
  "control_repeat_rate": 37.04600484261501,
  "treatment_repeat_rate": 41.59811985898942,
  "repeat_rate_uplift_pct": 4.552115016374408,
  "chi2_stat": 3.450956834574103,
  "p_value_chi2": 0.06321516437162367,
  "significant_repeat_rate": false,
  "analysis_date": "2025-11-21T21:40:31.670452"
}