CohortMonth,MonthsSinceFirst,Customers,Revenue,CohortSize,RetentionRate
2024-11,0,95,43616.49,95,100.0
2024-11,1,40,54615.68,95,42.10526315789473
2024-11,2,40,47863.01,95,42.10526315789473
2024-11,3,33,29705.45,95,34.73684210526316
2024-12,0,788,423490.94,788,100.0
2024-12,1,289,219719.16,788,36.6751269035533
2024-12,2,243,175045.3,788,30.83756345177665
2025-01,0,445,203152.03,445,100.0
2025-01,1,92,55175.57,445,20.674157303370784
2025-02,0,349,141601.05,349,100.0
