Month,NewCustomers,Revenue
2024-11,95,175160.52999999988
2024-12,789,818255.399999999
2025-01,445,258327.59999999995
2025-02,350,142241.1500000001
