CohortMonth,0,1,2,3
2024-11,100.0,42.10526315789473,42.10526315789473,34.73684210526316
2024-12,100.0,36.6751269035533,30.83756345177665,
2025-01,100.0,20.674157303370784,,
2025-02,100.0,,,
