Region,Customers,Revenue,Orders
London,400,312769.7800000066,771
South East,252,179426.75000000038,471
East of England,158,115431.54999999856,291
North West,170,109278.10999999891,330
West Midlands,122,90691.10999999865,345
South West,96,75403.2799999996,197
East Midlands,95,72415.72999999965,184
Yorkshire,78,60215.26999999977,129
Wales,54,53545.56999999987,171
North East,42,21600.080000000107,75
Scotland,30,16451.05000000005,54
Northern Ireland,12,6387.659999999985,29
