YearMonth,ActiveCustomers,TotalOrders,TotalRevenue,AvgTransactionValue,TotalItems
2024-11,95,120,43616.49000000019,22.482726804123807,23351.0
2024-12,828,1274,478106.62000001746,19.76382208259342,271544.0
2025-01,774,1040,470734.200000014,20.982135056831467,273746.0
2025-02,717,934,401527.3700000113,21.481241707683036,240343.0
